Account,Token Account,Quantity,Percentage
7XGAV46ChZ3n5hhMKYgr9gqNy3YeRKHeaoy54YXy6HNG,HNUKB8rMjzU65kxCFX9gamJZBisVGzmNgB2vJK7ez2y3,485422177.562029,48.23
GpWkj1qNGMiv3dFiAaEPrF6Eptfc3wnkuArSBYr6ZQ88,EktcpUa3WjSvbuUaDfyXYQYEbmKoyL3WDan5ow8qYZwV,96575239.016224,9.59
7s1ehBHXQmtRyqcZPJgA6ATrDMdGjVAFbugREzNu9kg7,7s1ehBHXQmtRyqcZPJgA6ATrDMdGjVAFbugREzNu9kg7,58000000,5.76
2WcgLJb5nMwdKzyDmynmXqWZuwuFNoPhpvBGWn3QLD23,8Su3s545ZKGbinUpWjDvYqZ1cEByyaA6VNishjqCXEdr,34322669.915349,3.41
8jbHjgBDpa41H5aHczYraGm9qXgUPaiTyFANAYqhbQxN,GD7JC9gjTnEU4bUSzSHCgwsQ1i4JDpLbdFtQfXHsTSsM,23947988.857091,2.38
HQnkDHbPFSqad1PUQ1o1eCWGS64VUD5GYGKdZHkb2Kds,7Qz4vcBjk5b8WqMSCFJoaNSS49TRPvPgrSmZcoaey4yQ,19312770.472765,1.92
F45cLNoFG97PwgperCk2oEMgETUQ4afXmXAGGLsSoKCu,Hz5aoAkthuMtDKsnibZGYYyQ5SFmf9GF4PPXjn3EKe7o,18375260.547308,1.83
99SfCP2A9pZSBwVc8A4StqFJrEPyF75uNji3GYGee7Mv,DosFTKgU2jomP4hWWLFegvRFdqu3J5Ncmsk2pHjUmGte,15588510.529902,1.55
7HaDBh8jiJWg1jULWmeLftvu1dp1qMtPYhGFVgv7gLTk,EBt4tAyjqV2p6WJRTts975DFsZwSPQt6PDQWXJndmr5d,15550570.221023,1.54
Djv3FndASyAjRy6oyt1YQZKk8dxmqLtrvT9mXPW7LZ7j,EU55Y7E76MmtkJY2rwTq1KDuFp72hAes4dLsYPayXU3Z,15132472.165493,1.50
FmaLzDh6es6VeTUFWDkzRr4Td1rFh6UxTM14bXuhFvkf,6G3EjSbgW7Q3yARoWJA5vMV6ECkiEHK5NhUK6SYJ8tT1,14849022.333924,1.48
H3WwWaX1Afj2kpCsCsawZqxk5CHpXDHz9FzLgZmyPecu,5XNokDTTYW7AmMeSjfkD5mjfVDw8jZ8fxkakrakSJQwA,13731856.657442,1.36
o5ToUv98emv62jrUQNyan43FpAr31f6A2K4B8eRquuV,TwthWDYEA3tfRxy4rarjDuJAhm3uWvALFJpzrjsJ25g,13090245.545645,1.30
4zmqU8ntBkrCKoFdjyfW1fVKQBczXNnsHQLmAaQwRKti,CBDHZ4ynA1tp6u7gpizb5ggGGpYNTfvLomrkENd7fmZy,11444393.362677,1.14
2L9QC3LGvvyzDnWnZaSe4wHG4w47kWpgLc2thEKJGknE,9VZjj4PGweGLPwKkK5tv2XjP5nneAdUBPxWyjCriGVBM,11417700.475906,1.13
5s4AHLdEbXNSXiiZjYHtQKAMvkbFypy7uzHpgwwX6kv6,4M32okZdS7WHh5ZDQT9Fa7dfhsBWMAHWfvbP2gXUZqyi,11187034.727185,1.11
8ttD2QxDLaE2iibsGKDNPMmmsWvSLXsLru9PRZZRg3QJ,8Sycu9E5DJR3Hq3KntGqfe3Y8RPy7boC5Q9rro7JGEgS,10709187.026071,1.06
HE2yasXQY51E2umdVQGZNXSoWofR9wxbZ8yk3SmEnsuZ,6rrg8s98X1UMZq3ksT9KsFySXLSUEjsSSFap2DkSkmQm,10293341.461958,1.02
3FAttKLbJUEVVHaZSghW5cmj7aMLHiy3KGZBcbW6TgCe,A3t6qkjxaxgUHmYF4Aibqgbtpem9PYgfi246g94dwrDu,8450021.75328,0.84
Gym9RFm6aAnztyUFT4ymPhf7pNKkmwq5KU5v8nuweGJe,GLPWPiPpYG6GvRRVPJ5ExcHWNN41VnJbRdRieE1veihj,7574848.628836,0.75
EMqEernBVMe1kVXSvF4U1RPLaMn7sveuyRYZR1DLfzza,H963JtNeaSoxMoBrMCha6pR7zAVJS7WVvRkVTxPDxQFb,7102974.648877,0.71
HsLtHgKezJ7aFhtHfPgtgqoqbKLMbdzjx496wwmqdWtu,AQ5tw41mTVRuat1YJzKJftu2S8Lcydw2T1xb2X8iaBT6,5760277.971295,0.57
ByT1RdvwM4W4zBoitFSBZFXx95bBQq7HAwgeWNPfsu99,Cin69ZaNGnqPgh8LeVJyrAD9xmEnh4Gz6gdMZTafMdj,5740099.042922,0.57
ChW3ZL8eadgu6rwDhogqzhmkZVDPfjt56e32wWNTw8Rd,2nz1a7BHodg8RSYocX7jWRK2wwi5jt3xjoyG86nvu88Y,5712818.61907,0.57
H1sBE6HcDQ3KnfnBz2KVzcUFgXG7JbXuW7WJZzMgnpQZ,7Zgk9EdGYBftpwJcqcZQodg3Sd7rBe2tND97J5jFv9hZ,5612996.422543,0.56
FzDJp5k6VzsgsbaCrKVywLfxgdAftUZCyy5c9pAawBCq,DFQRFMRUXjQ8Xjw7iBeYDwdk62yzoa2X7cUQ9FyU7Agn,5346887.289477,0.53
VDzNfGGvX62ChLSMny8eJEbLR244m9scMjLKPV8Ue6C,4e28vCioExhxAAbiwohb8PzvCLkKsUQzZ2V8kSoMneyW,5000149.995119,0.50
F9JtK2UmK1N7mqSABrYkBjwNLWRi5fDLF6VXuzLhpnB,G4omhJ4wjP3zpUKbqJWnu7uHcAoTLAFRVmyhW5xVTAn3,5000000,0.50
CsurAvjXbjt82J9Rpe8qvjSTxQxpBFZCcLYLr5FxrXA5,HL8Baa1ZXxhsTunukrabTA26JK6zwPSfoN71bBsoZe8j,4661842.171976,0.46
9Rv1Uqovxo5WUnce9uXsBC1f9G7Vey6d2txxsAzjfpP7,85AvihWbMSpek8kqtHV5Bdvu56Rxbo3AbwLMwEucnihw,4601250.746288,0.46
DrGxqaisDLYVr6vt9GvSuhgN4MXdc9z9gPijjduEnatZ,GejRpfH6BTRRRiv8q5ARtyaaTrGfyAFfiS8c4KE2gFAH,3677541.955667,0.37
3vV8ZF16yovQRJPoEiBCqTAPBLc9krtGnsAmm3WDHDtt,J51gfaHtFKkzsoGYhY4Tc5jf3hLTFAHZP2WfrgUQqvVx,3493544.58379,0.35
5mXCu9bmJpBbNfLSJmtUYwQy84VsnK3FdHL4wK69AaCT,PWoPFEZVxi9pJYXwPhVymCvd1Fqs4K8etKKfjvnSzvQ,3307049.755413,0.33
3wPpQrenu82bA9w2PCdeXsJWwxmvpLCnTmtUpShoYbQf,GwtKKSys6nVwLvw8YaNqzmjyQUrBAH5WhUExB7ZLuzfy,3142712.171692,0.31
28EqZGBwYiiZrSGUu5TJidm9aw3Sn4gPjXTP1ePvtp3C,FkTZViCGjWEtLrcJYPxCsFftXevvmV1SbZLvV6Chk8wW,3105297.150173,0.31
7VR9sTtrLL6UHbJzf5pXcQrbNSasUC11xqLiSMs7JDrr,Ei7CkAKTkVcoZYnhxtKn644vpUB6VeEuqPY7g12RF62G,2992833.665753,0.30
2tbS9DZTX999ES2vFuLDgGUgbympUbdyp49APCtx9t3w,GbWnWKG4R2ZufQFKapUvQXQ8fe6frgu5XJrWzToJHJzt,2652615.181743,0.26
GpMZbSM2GgvTKHJirzeGfMFoaZ8UR2X7F4v8vHTvxFbL,3cMCxgHQNBHmt9Tzwe2qcHgoA5Monz9kTjFir1naeQgB,2531583.499394,0.25
3LVSJNxviBDCZqTcE9EJ3uLvn8iq9iL9LRQmz6vHyiDv,8kVQrgemtciArUZvnLhvRhV1fBSRG2pNmxsBUyDX9zvA,2451238.081284,0.24
CjsSz2JtBd55kzz1RDbEi6QP8SxRS4VuddyLjiHv3ZqV,DfTbrREmJZGkFaNm2dBwtuqqP9aaVetqgNQFfFhvd312,2192986.672399,0.22
2HZQyYRq2Pt8aUGDE4SBtgRDQWLmHxccRiYRYfQz1E6M,6yQm3vcvanvK5of6rCYPC7QbeQ1xSjSHW7DyAwUWFrqJ,2053566.642608,0.20
FHWoivt1UpmqtvpMo8dg97svTfykep13hjrq9TRxZH3h,3258HcCtwZXRBEgYt7aoKiC1DhaFJJqCTZAZf4VTWLWy,1845662.160318,0.18
4ViM7bxSqFUUWdtDuprAaFj8TD2QwZsYKqn3LJTXj1Si,CzQp6FRUuFz3xMzT3VyXuJb6MrK6qCi4zEC3E1WXHXdF,1212405.122055,0.12
H9Jdp2FtMhDRzXiuzouTdokhYc77uCWWcZ6PmwerEmsC,3ob7RQ6E8oi17padq2jsZASgZGi95m9VFqzNaaJYiZyh,1203642.440272,0.12
5hwRKmUafTaz3wavfx5i9Yn6SZYLfdTDPT2AJ7ecHQbD,G2Zo7QzManDYFnNArWGQQtNmrrXmZWgVfVACFiA2FihW,1198328.785487,0.12
6U8guRAFCfGWgkUW3VeB2472Y8KQBo1EC8XpVRtcc46r,BGRwYHkW2hCVZcZpyyVjDcHV8gC29KoV5HxuGLMQMb7p,1148124.229193,0.11
3ZrRLpUp5ouzFrwnZrzzkL7CwsvZxpqHBDsjwFR6raRT,GzHcVtCyQEDcQg677dzSKLFCF8MpVwYxYQEVUoYaFEwF,1137096.910082,0.11
Capz8oGSQsG7wUPnftu2687wx9foumZaZG4h3GG3aR2D,8XHSZrt4n6U4Ej7y3ha7BKfncZBjqbAp5QdehgvokcsX,1106313.666038,0.11
Fxg1SQEhUKJbwBduYd3eAFpmuFdzWUcEFCcx6zwuhJbp,2GkoVGAwBzhHFYBLFU7L66HKBvXYsk8Tw3LXq394H96z,1062606.269659,0.11
E6BnpSR4LVZcsZbXiBipnwJPE9noJEhFUPqRwzJ6ohBF,81Px4WfqA7kEfqkt3to5jsryvEdrcjPdZbW8nKgWMKA3,1002403.935525,0.10
C2cgpHVVLLKn4iK6qZAvKbqJRR1TmSHQVdB8a2k6fcjX,2CKPChZxT8LmusyTxJGWu1jZHY7UdirwPjxBLussn7Bh,785622.260684,0.08
GxasNgiC6nYTJefZpBKaMUjJfvV6LF5inH3ej7AdgJ49,238FVm12WFQwDMP2FJ1xWN8dZigQphoMpmaBsxtCrUso,764293.669963,0.08
8psNvWTrdNTiVRNzAgsou9kETXNJm2SXZyaKuJraVRtf,2MjFxNzJpMaLY5GN7B361AbAUrJR49YNuL116LBst1Qy,659319.621167,0.07
2xd86B5SjGvia4KtJ5AtQhdnewMBL55kraR8CvYZhvhU,BGUYMHxtrknysewnd4Y4RQaEQZiaFzNsxJNzAqJwi1cA,634325.598253,0.06
B93Ehj3oDB9EBNUn41hd4WbRDRGC4NWsuBJb5eytNHDw,F9Gr6Rp5fSps4tWURu8MwijmXVTL8ChPbccreN6tgduF,573840.461326,0.06
FfsfCqe835xxmdRngTBCceBPevyiYjK9xrGyuy3LUnuq,EnVCv2giSV7hQ5epNqwS1ghxEvqdZxVKLZEDKWe9FQpg,562173.534797,0.06
DAsUHfFNyfTPP6oofe3jyEACvtuih3fFDmC5hXaPHtUc,2ygjbGHkEYVqBUopbC78aLuoFAXcKtLE7Ufgjdx54996,543910.280057,0.05
4rFUGQT8nqefHupJnV2BpGD5jv1YwMQjXTQqbsD9YZbY,UwjeRgDaKsfFWifA9VxYshApK85sMN32yiSvTx2Cjii,535508.184168,0.05
GKeCv18zy5vvmLf4ieL4Z97YQKzVEZECSr3dCfSesoEu,5bv1vbUsfJp7Zt8HE8T4UsrP9bgN4tExU7az7Bxar3Ja,479597.72635,0.05
EKj1nABkaiLxhbV22okf9eZmNNDXU7MuGnyazkudbY2x,3ziygdHq12nsRb6Dywk5qP7n2L7mG5eJ51HyNiP7r62a,421869.303442,0.04
DU4udgME5PEWbHvWxy14f2wXzJbpy6kous8TGEKP6AkB,3RUXCfGwL3JVPJcmqu1un8gmLpdnjnzh6H8XxzvmHp3Z,404923.874311,0.04
4CjF33vthK4RdrzJksyKZbep7AioKmiLHbLff8AdapvW,526xQTzUWTjQENaeWqbcN1Jt9NUdY8jWEUwvCMGwkfjc,367506.199147,0.04
58cSToHQf2xpmHAHbgAtHPii5Pa34pDcGzxu358E5L6b,BrbwEh3cvZDsFxN8Xw3sTiRBMcDQ418z87qt2d8kVZkM,349969.551412,0.03
5h35Uoipzhud3xWfiC3CqjHEfvjdiNKgybKscUVdn5S1,FhU31ghLBwamQpGEN8J1yvhLh69nCDyGxg4F7wQtHNr,335752.168773,0.03
98LF7YAGjPx3Y8PJAwTrg4esrDYx7giH9QM2fjvfo5tw,GiDMxPmNjrfNvcjXGjwVveN9erfmHMe9hWnnXjdTJLnF,308775,0.03
9DKdyqU1NTrUfC9VRYQW4NQeZmvS1wFNy6U831iveLEh,7mw6CPCC2ndshBaVHS61ejDVDpy2uvwMV4ZCaGDyKzwV,305492.351649,0.03
8cra9uZy4H5m751vAv7NWfrvJJvrpEtZD6iBFgjUGPu9,DEr5EgK956sHm5azXJcpesJU2q8BWJ7RBGHnVf4eC3cb,291847.047445,0.03
9K8eYjaB3jjPYm7tBgDwXDB6cQ341FSHjnYqM961YJtE,FQT6LbWFgJjTnK1cS93uGuXBNRa25AXSKsiRCJVypD5b,276134.323339,0.03
2ivJak1wkRYJGmvQXMnMBRQBRBD1jeHc2xEwDRsr7xJ3,2d5qJXinxyyNxyLhdrAS7pjUmfk9pWv3g8RJzALEupMj,259075.399416,0.03
F3ivwEvGtyNwaB4DNazoLtxsrxZ4bPWBVfCAiJCDgLGD,9Dnf5j4zfQoGdXTRNetzUhbcs3pgrQsETtwgdZXYjzZG,254132.815143,0.03
AmWVtRp9tP9Gm2FYi2df874c87TBJCSN4N7T6EAjwCXo,4ktNvWZdUudkM6fWWKQ8gRVJzbztGhY6ALZNCuzKAkkP,250000,0.02
FsEtnhCjQ2HUya9J6ZEwouhG9nmkXmyoeN2rwFr4Za5F,iS651iJtnuNSny7WqaATVjPxnCRiwv4RVMZM2x6VjMt,234609.905859,0.02
2kivXfA14CNAH2JVzyws6rcJqMcri37L8gfdKRhMCihf,9VhSHz78bCZBuM21Wpphu3Ps8T85NxQSXNzJRCeaBUPr,230895.013898,0.02
7PWbyijYZ8pxwEHpmrbP3CjxeLc7aTXjwm8jH7GDkpoW,9742N46ZY5SXU7t8cWkr15R7hMfzXuQPxjKvUiYPSW4U,215545.576448,0.02
8CQ27mFv3yKguN4946LDhanzmf4GLrnG4k4phF2MudBr,DakEnm5dVwnavZWQwcDyRs5a4gJ4wXiVCA3hZAAQhttV,214842.954185,0.02
8Pcxdut5DSpLiGX4eHfri5zbySTFMU98Jy3t6KmwByU8,7Rif26EemxJZPbWCAsdNvMfN1teUAL7FNarzR5TwCnVN,213846.346888,0.02
BEochrdGhm5pcKVF73DURYrGo1DLzxq6bBcUBphQR64d,H6ghWQRdnRdCAViZZxU7B2QzKMVHaeYsJAGL4KAGHj1g,209982.809565,0.02
4XQRDWVUFJXoswaU6t3rbXB5DVro55AjTZsnBxj9V4WF,m3b7qjSpAnmYziRjXz2o9cSBUnndsgAxhNiod3vYLKP,207482.734933,0.02
8e16LDfXKeUe4Pnw6UFhXJhjr57YPH27gHUTe4vayTNE,GXsrbzF5Tard7u3cqvsQwJFgfkcmRF1LXCGSK8N921Xw,203413.709264,0.02
CCUBdSPiJoHmVNv2vGEgUJBafNfsXCZKCCSwNhAmstAa,BdjvUDi6MbGTLpKc7XruhCLeGC5oNyuyaMhUvngycvjK,201245.608905,0.02
HtxbQpsYCeqrwNEZhixHdQuC9AnBmWV4upWVV9A6KDAK,9phF4WdgwqgAtPtN3qcp2ZWc2z5Y3Cf7QoL32babUqxi,200757.462223,0.02
56GXb1Gt4KaNDUnXZyk45N4UPYnE57soqkc7NcE4FvXh,931xDNQ2xPfhB6hQUEe4YYsjyN6NnscnkyWTLBx2yKWG,190126.6698,0.02
G8cg2Qkz6fC5reFqERn18f4Cha5LvxGVN73GSbqs6SGE,64ghwRDptWjim42cQtspSU6yFzZg35oKPCTG2DjMRSN6,166153.844517,0.02
J4AoDT349ShnbkbzxrsrDWnoXehf1zgrkdB8uxDVLYx9,7huirj7k9GgiQ4RhPxfXRn4K8CvVKPBkEqPkFh4mPxj7,160778.538837,0.02
6Dkz59SkPY26etfcgjQMJGmh6p8XmkhLEd43daNuAqqp,3trXpzaQ3MLneBywgKmzbxzHqzeiY1T21EtQabY1sLxC,154664.226042,0.02
3S5bkgc2XEWh2RdT1KfvTef7QPSagGcDptBJG65iAbB7,3MccnGMdnP3uatdFUBbSsyUqStNqtbSmsgvupF49ULP2,146591.158814,0.01
3FhxRX4BoDbCY94HhbhW434873G8nNa8ta582DDCgQ32,CbihtjDnrCY8zpBaL5WmjfyoUu6HPAUSzY4in14wth9A,140818.168889,0.01
GJdSnrB4Wyyru8hQXZnbUJdKSUJ6wKPkGzPVxBDjKadE,BsTyZNGbukCLpxefCPxZdBQRnHkCjswepuqZUid4i2WV,140751.192712,0.01
DFtn59QaXxBS9uUD6n9So5kmAWLvsDCfXaunUP2bYngn,8uLHG9o6PLpwhWxjJG6Nmsx4XjnyfFzUdZEMNNrfbHTj,120000,0.01
9HL9JRrvVRhRTpmEWjdq3eQkjHCpKxARQR9mv3jT88Po,9UgW3nhNNaBtemgSHMixtiFx79L14wbnawbRVNJQHKh3,104332.775567,0.01
E97dpKJsZBrNpXq5VXbTC1Uv6Sso1hFrQrp6zHSNhTa3,2KwvFqqUoNVdRED9dVQw8oFVRKu43Gzbc5erNUvbmqBL,100883.012313,0.01
DRcZ4KweJwwZ3fHoGCHoGWJ8h174fSxWGcB7cwq6Skfx,2EabRcSEvLiojjawYneh5x8aRDYXiSM1UJoY1HYEwPyv,95177.217749,0.01
BiMymZcbGCtsPd43G9csJw5o5kuXQA7oeX2KKMynzkMt,5ciZavikMk4efhM3AC1MdDZ3xNyvD34JqPvGBxBRoK38,94959.553899,0.01
EUbUhHc92ic8yK7RfEesrtAmJQBAZtTMkzyqws7d3V1v,4cctdNpbhCsMtSdfx3VddpdncoYkK9FGVtfCQPnyJfVH,90087.56878,0.01
BuTMXqpDPuNY9oRwx65J7vd8nrdo8A82aEmw2ZoinS3C,BNSL2BVtuJFLEAgz654RX3CvWh1avXyo1vz39h3qdkjj,88318.929955,0.01
2rbMgYvzAb3xDk6vXrzKkY3VwsmyDZsJTkvB3JJYsRzA,AZYwxod3oqCxJ4JXzmGxXhkt8VXKjiMSuM3w48hBcTCg,86141.481336,0.01
AQVoX7isG1Vmc7mkpe4neWzWc1FwAMFxiSquugDyLgtL,GQS4A8mFi1P2t49thk1HQG6ePh8NbeswUmYxTky6F4H1,70362.392376,0.01
7iWnBRRhBCiNXXPhqiGzvvBkKrvFSWqqmxRyu9VyYBxE,2asFZVbWYUKLEpKLUgsrnUDKgrPyQagrjfx5zXg5e2Bj,69258.428838,0.01
4x51JG6Xp4CZRWHkT866KnKwkpGY5aTgseaZS5K6goHh,AEiiWx4UrtKNpNEMVuA3aMqto8DREGmRf2pUudEiCN3h,67835.152226,0.01
AgQ61pMGYyu7ftSww1ZBLJqrJWatA91mRKvyUUW6UZC5,HAVN62EqySgBunciJyJXFBTG6iEuFwSCYbosbWuxWZ2W,59429.903698,0.01
Dm4NmsBzJDJHv8rwgTEQVgXVbBFeHVeBHZpkB9gwswWw,FFT5ekzrRKPP91q5DzakL5ebXxcKPsKa8ccPTM5tgeQQ,52905.825446,0.01
Am4e2tWexXgjggWkfjWUVChXbAqhF9gVcyeCrA9znRjp,6CBzRjFEykUNjedAb1eHFvVhLgT15K1EaBtRPUbAf7G5,51861.671391,0.01
6kkWeBA42zHYkjtuc3H4dWCKoMxCZ5zB2phLRUUVxX2Y,F8khv3vurYGRWWXcudJKnYWYEooKVtaLp8ntHEiAbjno,50593.722436,0.01
omeEj5faFaKQ5jDp3eHC6KeFnwFcH9Cgwrymw2Sjv7w,7T3rDnLHYN2tXqcxhaUCiQJXgy6XKVsvP1w7fMUNAxxD,49040.690131,0.00
BDyeP5uB9VH1yuz6zkk94vjT3zPBUGscRZZu2fJxP3y,TtfiUnpUuwoZSGGLRE1eSPsmi8i52Ld1KTjKo7fRMK4,37581.622585,0.00
85tps2mTJWRVfBUiLZ5uywgSrduHhggXgriUszT3kyj3,34gV59SJ3Yjd2QUjRS627CEtcRsmeF3nBUqNEi1xBwxh,36923.996647,0.00
GP8StUXNYSZjPikyRsvkTbvRV1GBxMErb59cpeCJnDf1,5NKaxzYWNuJxCnzstDqnym49c37UrAmmcNs3rozbyt2R,35099.268321,0.00
4ySKHvmrx2i7x9MEiJerqh6XxP39tCNY84XhyohGp8aw,5cBSAsbCDQyS8m64TEhavnjPJJt9ScL9SnYXiAoJNqcR,34352.474538,0.00
FQrfzb3XJHKUSCbHdVSNVhpcSUao435mJpoy2zUzGakE,2tFZNveTrk5aMPaEJNME9eEjexR69BGXHdabpAgvMkms,31183.193218,0.00
F5Lwt9cyarSrESLEXaff17NQyTCQ9NzU9bHphSamwdEy,DqehRaL4bs7UkUcEGepMvd5HXQHA3GK8zjcNEHx8RMhQ,30090.521305,0.00
JB3ZnCtb3azPaPmoZHbFwATAJrqWYyRggR2YQRsthjo9,6Dhx2dtbbs5Mkcx9Z3VfpzNZFT7PCwz6eHN8KrrsfkJX,30000,0.00
8saqWtsQj3sZs7AXK3MBTH6EGr3LH8DqGUcTgAkMGEHa,5KPR9XBaEk5NbQsdH33LC4NQ8hnymZk5EqEa7MGBiGND,30000,0.00
HU23r7UoZbqTUuh3vA7emAGztFtqwTeVips789vqxxBw,7zRQVwTFQooq8kmhEzAa642sChCYc6Ao1brDH7M3hJpD,29462.508067,0.00
ApeUCXraGoaYgotPZFggP9fNTMYkRj74TvQRs4EtaHCP,8y5ThkbL9ZjjJnLGQo1hc7zkGTpAE6Atybs789VB8rgc,27844.266725,0.00
2eBsKVgEi1xjaNxLEVsRsHKiYr2YesnprScBTeMZYfeU,4UYmLCASG9YPVdMU6nLFWy3XSehJXdhKiHNwE5tBRkmW,23981.537002,0.00
3LoAYHuSd7Gh8d7RTFnhvYtiTiefdZ5ByamU42vkzd76,BA6YU1br2FxCmeHVkjvwqAHTBht2QV2f3N5xFLGNQ2tM,22620.292191,0.00
DSN3j1ykL3obAVNv7ZX49VsFCPe4LqzxHnmtLiPwY6xg,8vNSS4UNavecgfShCeKpSjCN6dpVPozJfsdhxisobWrR,22565.86007,0.00
3NB4hLZsne9HvThsoi36B3YmZm1JxmTrsmSskXBkCzvK,AnuErscBN4joDuhQsexqwozUDbJjnYnoq9NWQhdqJKLe,20049.461245,0.00
3CgvbiM3op4vjrrjH2zcrQUwsqh5veNVRjFCB9N6sRoD,BfJpF1DsTW8jzGm2fvkLaJjyALPnYS3Ha4KjMGVBPfJ5,18272.813473,0.00
9XoC7zvcNHWZtsHwN1sjvRBrZJ5hhyTL2LJ96zVCM3yp,2LGsTSQ7mMe2MocWwttVB2AsRV1nCnW3iNRMro7HuRuu,16819.313237,0.00
5zU2qzCdkWpDbr7RqxwYW4ZjWZJgaK8k5yaMoGcVJhxd,8aNPPCW2mDifmj2PK7tVKwwd3TPRYY5NKxiZPLZHYJpC,16167.277356,0.00
327uQbhp9WD6KrE93gn3G5awgfUC9ECiExLkFSmEQb95,7qq7SQjRNAtTFBMwSXZ7LvLkmyKeMoNB3yd5WdmZp5fN,15699.234489,0.00
6sJzPCeZJUuUW7ocNHvhso19VcvTh5SbQQLaG51XuidU,9dDjZehJpGVYYKettzrbpdDTqHBEvsbmicix97nfmAen,15000,0.00
Heu95ZE8z3MrMQXuCfotC1tpqUC8ZUpFWiKgon1Ez9sQ,4fMn3TtMCKL7XAtnLmCsDP9StMCrAuBnWM3M2kkTW9ox,15000,0.00
DQyjYccX86dD7gZCWCifZZ62FKQX1gtUGt8bZtWdMU3G,8gNXGp1qrYVJzVcdYDAZrpzL4E36WsGch5m1i6iGxUfX,15000,0.00
7gNFr18Ly5HVKRwuDUVJYWaXmjWNLphqaYBMZtyH9zsp,6417ZdURdyVVBR4AFPDn8pBrgBdCcGom1QwawMChcbaQ,15000,0.00
9CEC3M4oAZRw84n8G1coN1nbfWQpfvR5SgYnoW5XUvWY,B8TW6HSKJukrJfxwWsiaUJbFqVEKL61AAfCa3JZbg2UN,15000,0.00
5vnfe7YjNg4V5EZM8zs8vYr12vxKdezpVe4m2ikC7V3c,AT7kL3EJiRmqRFswLWkv4899i4ti6woi6fag61DGeBqR,15000,0.00
77R4w6bDdkdF1DyNJtQNVu4i6dFx5W3yPuoCSySX7NTV,6jSQq1sPRsZtkpPHmwdpuDNJHTJsSEcxmyeWiq2dCYcd,15000,0.00
Ei6uMAJcdYXc52mfBUoioNUnC65ed5gFvPRmYc1vGPK,EZokauWdiA73SehTi8hkWxj7GLPpJ1auPqEtQPxujfbW,12680,0.00
4y3vRDAYeA3bXrkxwLwiecqK7ess2kCiR22HJ9szkBUp,7eMGhNW2Sq5VYxwanHAqs5SuQyeReGa1pAFdBFPJ8J1a,12644.505642,0.00
69yhtoJR4JYPPABZcSNkzuqbaFbwHsCkja1sP1Q2aVT5,EYQjUeLVVveUYfuUpu9R9wccrrZUuRSKaMYTf5yg4Kt1,12243.497221,0.00
21SEx6QjACVaSM5fLjKcVt2rcarfEEeYZzvqWKWnNuag,HCx5i1jJhnG341zdWK6r2Si4KVwDrA3AKDt51JkruapF,11570.455275,0.00
AsRy9Mzmt5HNFJdHJ3Q42yipqXwmPni5ndKCg5zEHj25,37j2Skh6RdUFM94KVFy7tsqphSvF7g173L9xBJzeHgh6,8808.21897,0.00
D9GYt4W7VvteKCSvTgyjzuiBJyTy94Kmr6YiC9fbxGjW,XGggdnHH4uMcCkBjZL9ucv95o339Gfktc8b9ghx6jxV,7052.871401,0.00
A2je2iEowMDbuz1ntAscUHngUMGsYW1oNfNTNqHGkCBf,GKoBL4Rb3gfszKphnRkcpo6NcjhrmWZvu4cMgQ8hEKpW,6841.809257,0.00
Cig9r99ULVYLwC8NLUEdMq3ocME5xoxqwZfinuX8bEFw,36yMJEsokBaQCGok4YZRyE8gRvj6iMxWuU9FH6FNvRN7,6680.530703,0.00
CvrgbuwAXP2FXgdEZ5csw4vpdz3X5Vqgorm2XXsJtLYE,52a5HE1VnrnqdJoG48D7QBi6Tka8pgk3W9XmYY1b5yZV,6008.539948,0.00
HFqp6ErWHY6Uzhj8rFyjYuDya2mXUpYEk8VW75K9PSiY,6GiWpYAAzTuk3ENUSm9rBWYMc1PkL4pNpjHYjwFAuVzB,5838.943598,0.00
3dUgGE3VKj3rYh4UxoufKDyCEVgfsd2pM31zWC4Nibbq,6vSbVLSM6me8uthJe3xayascspsBRrdm1U9kuKk9M19b,5162.474013,0.00
9BN3huVEnsRYRLfkHySNcDqGeL6p5KBmFAziJ11wGkUY,F3EEy4b7FpjB3NduCHEhKAkTY6y4fV3UGVmPuHrSo5hr,5000,0.00
FMVHP1xw6ZHB9zLGyrJeeAvEzCBgouH8bPzdkYqq2C5W,EGMgHQPBrtjCqKcF9YHx9dtwptm9mbw6Sf8JevX1fzFx,4315.163335,0.00
AkTgH1uW6J6j6QHmFNGzZuZwwXaHQsPCpHUriED28tRj,36NPYVhoSvVW5VDY4FNVFD67hgzMdmKUZLaFjNqqwUYA,1279.302437,0.00
9NkTsNeL9CCfgD4LZDpbCPDhrdWGQBSkwGuSwS2Za3LY,AbE1vSaXXgAEFsG7YT2ufGooxYr9upWq92bY7SUu4mMx,910.792034,0.00
BojinKX2fphvQ5Jzeo8RffpG2BYU2LWzXPM1Mh8tAdcg,9ow4F5A1J5TsB7y4HZXqLzAyRPbLPX8oaoNrwDNbe7An,794.236785,0.00
ricEmGn6WZ9kN2ASm1MAt7LoE1hBgu1VcQrjRwkAPfc,ANnV2mE7ieDcmnvQNAaNhAH8HnAgmw3vVhftsZjV3nCP,658.204122,0.00
AGcKHfosmgNasVmitcf1fQxRbeKtC95TEeEmFGmyEw8U,EMndHHuAZHwsxKoisNRx645FvcVW5a8X6EvsJBw288VC,555.836393,0.00
E57mPTtecn5Uzjog9qp4Wde1z1WvupaFbF686opKBZ8D,B6BVKeoRbKDKp7BucDBqAtooWHnBeA8Td574JQ3ejWPs,273.864582,0.00
CgZWozpEw6KrniaELvyTY6geYTSbXgSmkKCgGodCctND,AqpKSV5nGyp8mAFMqfvxaPsH7SraX8kqtyk3GAx4Q4vr,122.090109,0.00
HuTshmtwcQkWBLzgW3m4uwcmik7Lmz4YFpYcTqMJpXiP,Fx4zqkFMBGzmVEpimcAD5Gj25CqxZmeDY9wKnyfTbXeA,56.47904,0.00
HstA8Pg6MKGe7qHMEUPfAeusfxGyszT1HeJUGdDERmxe,BYEhdxJ9caid4UEjFQp8MpGVXjUG6SYjtmbgvQDJUmNn,1.160594,0.00
8L2y55D11k63CAftvW7uMM2mBhtMxLoLnivG9uY2bt8j,9i48VjzMhDjru3dcWWepyMVDNzY5nK72MVPVEpn3AJ6Q,1.018991,0.00
3b3zfYBQ61sEicY4bhQMKUvRo9bAxPYAz32uyAP9Cj9u,8rRjGDva7BA92c2qrAcrC3Mr51DowUDYiumhrzBheaYr,0.252581,0.00
BM9CcyErJcu2mjrFvUsRRrD3snGeHDDVirJLvL6EjvMN,54ob3xc7wwQqFiPsMKSVEvfp32azXUA1o66bvdoM2C49,0.150839,0.00
3XjnF9R3EGUUiuRTBYUGzHDZ5ZZbYXDQiNrUiiqkzrvp,2KeixoHrZ1794W4TshK74SDakouRGxEAm42XWVJWonsZ,0.02,0.00
79ps3DwhHv9kB8SdMapTaoNuyCnSdkpVHnqg7CAqvNCz,5iYoaWBkTh1yfftVemLU1Te7FjtvWP9WPtXmRMCZy4qB,0.008708,0.00
81nyEtSASAhhNERoUds3zUArbbfHSSS8qE7S3bznt54b,69oM8Uz4R7zXp7uFFU2ha2LJ8Q41CtVxqNrPq4vrjHSJ,0.008573,0.00
6ryZxT4CSNMEVSsEw2yEYFRaWmwQgzsUowcAerNsghQM,5zFhtCmn4dnVamMa5YoCmDAguJFWmk3dX8zAbC3HvJeb,0.001693,0.00
DyZXuDHTZBQ7py96uuXz88dQs44VFCEgDgptGRi6x9x5,HXUxmnNSSDKbe1Bn1X1kH8B5tV6hm1yJYg8dFdF6cfrb,0.000438,0.00
AS6akYpZQydPnhrphuEkzAajBLYmkByHcKcMuLHfbEg8,FL2pXnrNdL8Js1uCKDPxnXGQDuvpUTeSRrfn2bQWrb3W,0.000033,0.00
6U6LUUgs84MJpdVhkMNiGcSMQDuTCYdvBVmAQH3r89aJ,C9AZ65iVSRi1VQeMxe36B9YhLWzCQviBfh2ReKWyws7D,0.000007,0.00
5KCpv5s4UWpMfaNGXehG2fvazjq5D16f914ik16F1nWw,AmND7bJPYbCtYtmUYjQUduB5sFfAgnXqT9CcQ5oMPrRH,0.000005,0.00
EQxWRWJQRfAckSeqbu5Yx5AqvasBm7xmUp9UEFR1S9Ch,3WJGrJACe7GyEdiZcLXebv9pbzkdaaviXpV6FZ11xaVB,0.000003,0.00
9QFT4DEDM5HgRJePomP4adFy23WdDQw99X5FgPXGPaK2,F91hGAe4hTrdfPdaKtePp836STqigA9gwb8ue5Sd7Gkc,0.000003,0.00
8zh6h1Q3Bb4twmyfcCsFuTPHqPcLL4owFyHW9U855KB3,B5iruXmHEnpfSSVBTweDGKxDUvjbSgq4qyMzjnsH4ifa,0.000002,0.00
BUR8PHC3bqXaaSxdQDXYwuKuU9GVtLUGkrLPJpKAw4bB,8jdfSAcP5fjM566frG123wz2yHVoRqGvUwuu4FnyzMs6,0.000001,0.00
BDBU9NPssgT5eQ32oe5R8jTepzxJst4th17gNZoNsGpP,785LZsF2L3DiJKnpnipyTHE32yeiVR691AQBi539mzoa,0.000001,0.00
5Mz8w5hRGUsbiefRZaVGpYHEW1Nfz5G6tEAu2gDnh93g,6mbdjm5V39egsQG8cV8yrEEsD1vP9jtZtYyPFsJDSVCA,0.000001,0.00
7B43bWW8JsPQj3u6V2v7TwNsVrpUWz3hf4tSEgp1UnrP,J9uQTTEayWeM4amVhzu9kLptMVvPLjTEcUJqCecEqSE7,0.000001,0.00
53QVhCCGccTxCnx9CreDpRDidpT6D6GHoFfWbZffqwmb,4KrEPbYgcgohepDPzxSVeoYKPj2MKfjmW5jSdoVCBfmw,0.000001,0.00
HBcomGhJ36XKXvJxB6ebT4ULSsVr7Ym2APwnwWEauQgJ,GeYsW39XQCrpAnKoejvPpLwCUsiu7WLYUBgGoDjDBkKE,0.000001,0.00
8zA3i14HFNCRLMyBhK1r3yZQkdFT1c8u7oWTCXVcjmJj,AerZhUitpizE3uJxF8UZYX19ibJ724ZhpPgnQ659QZXP,0.000001,0.00
6ZvNyGjgjcwpJS5NewBq5CfvBZN4q4VKLybaJYJjnct1,HRr7xNbKZ91MnhG5WgwhZEqrK1Fq5AphaMu6RWSfEk63,0.000001,0.00
F3B5vHNNdz42ufcZpeGsaD3PR2THJ2eAwGfc36neZTwG,FP2fHRBUexq2UkHzPNFWtJnDTYEF8762qL4yQrMDArbk,0.000001,0.00
uvTxDEcoCUFNzbeEodHFhDrTffhogSbZtZ3ogt4qVpF,ArM9ZwHfgn2vqXSRPcEReywVtN5FsBsKCsqFWcZbJ5QU,0.000001,0.00
3j6Ab9PSY4PpBx4ox2F8Rk5wsJaSDisBPuR691RUJ5a7,9zWx2Yz4qZh8cLHxBAY3HCkn5Z9ArtuTLFHhsHU11GwX,0.000001,0.00
7FWrsjxfLg5Mq8rHeRywMbJavR9uHVVHNDH8qx8bSB7y,BVYKXozHh8sSvCVk3r3VseZ8itBFi98McTtdGdEV17ba,0.000001,0.00
5u27pheFi2XpjVgSpRFdr5fayqAXy3tkW1VvgNL5LUZG,HcGCMd7H6nfWqt2JxjtV6mZJAkZnXt1gmkaCZJixKSHU,0.000001,0.00
9JhWwZ4Fh26aHyCvGVu4hwMnR6XgWw2ZBWJvc2xpqFk5,7sCh3gjskySxXxjH8sxhbgwaWSYazimg3Q6zMVfCeYwY,0.000001,0.00
3azaY5hc7tno7fvXogqoSUrz5Ajz83THxWJcoW4KMR9E,4Ff53f7bS5KaxmgsAH3hfUidwzCLK3kfXSiBUWxBn3qs,0.000001,0.00
6HoDTDTepi4VxAUtCAFxW6QQhxfmbvJuW4Xxr4qPx1qq,23PfkCysh2jERce1RCqg9WdWt3xxCE48RWmgTGxQ4VTL,0.000001,0.00
493eVQuPyeR3byscrvLe255ApLqduefog1DDdWCtNFaL,3dx89un9sLChaPBKAmjd396N7y1Y1ZEg3YKs9wJrABHj,0.000001,0.00
8uB9Nok98fXDCAEK3aEHf1M6KD8a69RhuJ8z8vPDGNH1,CTvpp91SfeBuv7g8YeXEGYs6vvjSN3fnRxDRxuFGT7jo,0.000001,0.00
8TQutktj6cg2XpGdTVW3WxiJfvAbja6mCxDd9Pp8VLEJ,9LQhUMyUXHB1jCFQMjossCfz8MKfypCHX8oQnnL5cJDB,0.000001,0.00
GVFisFnhmBeN6ZiDbsq7wQqFbkMkywzw5gtF4c5E8bqG,4DwDd6UK8bKGF88fMx9tsze5JFHr8qD6TpHTUs62ZRNG,0.000001,0.00
Goc5dPcEM94cFW97k92XNoT45vR89isxSEjxqE3VTvhv,H9kxoTdt15MBBsY9S2foRbyapSNJkfZfiieznkZFVwi6,0.000001,0.00
FZCfKbFyPQ8pCBW9xuwGQ33t6f6GbvMAeqGsH2BedDLK,8h59Y4GVTGou2HpHmw19iVr6kWXFRBPUqEanS8siDZGn,0.000001,0.00
2mf3fBNboXtZbu8t9vMnpwAJZaGZ28V5G5wFgHnE4n12,5t7PtEXMkZSxcMgJ7p3fPkBTjiDyvQDw5CeANZvFvmmn,0.000001,0.00
AUFvaG6cZNXk3NPk9MNwmY2Sf9cJbcdwWziG4prwTFS5,9hxB2ZnjjQpSeTHWWNgaukEDPRstFMVfsY2PMDonBCWN,0.000001,0.00
3BFPttG2QNAZqhxYXAiRU3nTxksM6c1qFscxvuoaWYaE,DWL9QorFp87NReKj9BFvsCfybFFuPq1VT33jYe46qKfm,0.000001,0.00
8dTJ2BLvx5tzspLNwbWsYj4YAgYDnEqkktdrum4UrJtq,HvFLKboBy5vw18sP12i2o5z8psRJBwQbbVxwfzkdk7np,0.000001,0.00
FANeh1kR2gvZR5g9zWLS6rMEYfcxq2X5vRu9GuorYt4t,E2kSvZBR1XLzE6tTyehT2eFupZPRYaqhF6pAVNeZn7D9,0.000001,0.00
8arRi8Er9HL5kB9ohVyXc65KDvCYkq64ePYt1uN8i5h8,EAsBSFTZHMZPGrbovSJPbb53CCBkrMn1go73eJAhWvcj,0.000001,0.00
Fb7C7Y5Hfz1QH3B3ecMwadUKv7Nnjqy7QqAFwRuLY3Yn,BBoeB72cLJmqxm389rrYxH91GmWCq7aoPoE5QJRaNs4i,0.000001,0.00
NJJ2fow8u4CJCGrHkj7cEzkE1Ew2CrnDwoZ4eQKHNG8,A8fUCEatWuh8ASPEKiQPoQUDYj8AzSq8gwcKTy72jSQy,0.000001,0.00
HfrDJPb8YdasTWDkrYDJH8Y9UL89gpTn9vEReQaWNhuo,J4p1DhxgkmfF5qjcLPmE1GATMuXBfcGdjwt7cxZXqDsi,0.000001,0.00
6RRtcMLLTggtjf2XpHHGUZ6tcJfnJX63WHhysb8j4JQL,AG8KAtfH78xdLM7QcNLXmokEwazDKVpqwp59ibaDCFht,0.000001,0.00
Hz8SxduEYZCDfapx6A5hqe9UitTvhwaEtMuFiPXjJsPB,D889z9KcVmaYfzcxkPJLx8ptbzjGpsihekDn14HzRuwX,0.000001,0.00
2ndHZ9Epi242BcUEDafWYmeBW9Q714sRsUE6dLGydGpw,HkKZKA5CNJv4zyqcS3H4KY2YhYdyyLgRSjS65ov6J1Nn,0.000001,0.00
